{"stats":{"minecraft:custom":{"minecraft:interact_with_anvil":4,"minecraft:leave_game":10,"minecraft:time_since_death":718114,"minecraft:sprint_one_cm":22653,"minecraft:walk_one_cm":41692,"minecraft:play_time":718114,"minecraft:sneak_time":54614,"minecraft:jump":313,"minecraft:total_world_time":777409,"minecraft:interact_with_loom":1,"minecraft:time_since_rest":718114,"minecraft:damage_dealt":0,"minecraft:fly_one_cm":8117921,"minecraft:crouch_one_cm":11454},"minecraft:picked_up":{"minecraft:anvil":1,"minecraft:birch_button":1,"minecraft:item_frame":7,"minecraft:white_carpet":2,"minecraft:stone_button":6,"minecraft:red_carpet":5,"minecraft:birch_hanging_sign":2,"minecraft:red_banner":2},"minecraft:used":{"minecraft:diorite_stairs":14,"minecraft:moss_block":137,"minecraft:stripped_acacia_wood":28,"minecraft:blue_terracotta":77,"minecraft:iron_bars":258,"minecraft:polished_granite_stairs":14,"minecraft:waxed_weathered_copper":8,"minecraft:granite_stairs":8,"minecraft:crimson_fence":9,"minecraft:polished_deepslate":147,"minecraft:orange_concrete":49,"minecraft:light_gray_stained_glass_pane":27,"minecraft:smooth_quartz_slab":8,"minecraft:armor_stand":2,"minecraft:red_concrete":49,"minecraft:bamboo_sign":3,"minecraft:bone_block":3,"minecraft:ladder":3,"minecraft:mangrove_fence_gate":2,"minecraft:light_blue_terracotta":7,"minecraft:polished_basalt":36,"minecraft:white_concrete_powder":94,"minecraft:stone":218,"minecraft:white_shulker_box":33,"minecraft:stripped_birch_wood":415,"minecraft:mangrove_fence":1,"minecraft:quartz_stairs":27,"minecraft:polished_blackstone_wall":5,"minecraft:sandstone_wall":20,"minecraft:player_head":15,"minecraft:smooth_sandstone_stairs":10,"minecraft:green_terracotta":36,"minecraft:stripped_crimson_stem":52,"minecraft:debug_stick":35,"minecraft:dirt":2,"minecraft:anvil":320,"minecraft:ancient_debris":8,"minecraft:white_carpet":31,"minecraft:hopper":26,"minecraft:prismarine_bricks":184,"minecraft:brick_slab":54,"minecraft:nether_bricks":17,"minecraft:prismarine_brick_stairs":4,"minecraft:cobblestone_wall":12,"minecraft:shulker_box":14,"minecraft:stone_stairs":7,"minecraft:cracked_deepslate_tiles":8,"minecraft:deepslate_brick_slab":4,"minecraft:yellow_carpet":11,"minecraft:jungle_trapdoor":17,"minecraft:granite":118,"minecraft:spruce_fence":5,"minecraft:blue_concrete":100,"minecraft:mud_brick_stairs":121,"minecraft:polished_diorite":281,"minecraft:polished_deepslate_stairs":63,"minecraft:shroomlight":5,"minecraft:polished_blackstone_slab":13,"minecraft:stone_brick_slab":39,"minecraft:packed_ice":11,"minecraft:stripped_dark_oak_wood":4,"minecraft:bricks":652,"minecraft:light_gray_stained_glass":927,"minecraft:quartz_pillar":73,"minecraft:mangrove_stairs":19,"minecraft:jungle_fence_gate":3,"minecraft:black_stained_glass_pane":22,"minecraft:rooted_dirt":42,"minecraft:grass_block":99,"minecraft:blue_orchid":12,"minecraft:smooth_sandstone":26,"minecraft:brick_stairs":61,"minecraft:polished_deepslate_wall":78,"minecraft:warped_fence":1,"minecraft:polished_andesite_stairs":14,"minecraft:packed_mud":57,"minecraft:birch_hanging_sign":2,"minecraft:polished_blackstone_brick_wall":4,"minecraft:dark_oak_wood":8,"minecraft:gray_concrete_powder":139,"minecraft:raw_gold_block":40,"minecraft:diorite_wall":56,"minecraft:mud_bricks":865,"minecraft:stone_brick_stairs":7,"minecraft:smooth_basalt":534,"minecraft:item_frame":22,"minecraft:birch_trapdoor":28,"minecraft:basalt":12,"minecraft:stripped_mangrove_log":353,"minecraft:birch_button":1,"minecraft:tripwire_hook":1,"minecraft:purple_concrete":2,"minecraft:red_carpet":6,"minecraft:lime_concrete":5,"minecraft:warped_stairs":9,"minecraft:black_stained_glass":11,"minecraft:iron_trapdoor":328,"minecraft:pitcher_plant":2,"minecraft:mangrove_slab":17,"minecraft:polished_diorite_stairs":83,"minecraft:skeleton_skull":36,"minecraft:dragon_head":5,"minecraft:cherry_log":16,"minecraft:observer":27,"minecraft:bamboo_planks":11,"minecraft:brown_concrete_powder":5,"minecraft:polished_blackstone_stairs":7,"minecraft:deepslate_brick_wall":58,"minecraft:calcite":639,"minecraft:water_bucket":6,"minecraft:short_grass":9,"minecraft:dark_oak_stairs":14,"minecraft:chiseled_polished_blackstone":72,"minecraft:chiseled_bookshelf":178,"minecraft:bamboo_trapdoor":209,"minecraft:mossy_stone_bricks":45,"minecraft:yellow_banner":19,"minecraft:bamboo_mosaic":32,"minecraft:diorite":108,"minecraft:end_rod":14,"minecraft:sandstone_stairs":430,"minecraft:lodestone":15,"minecraft:dropper":90,"minecraft:wither_skeleton_skull":6,"minecraft:stripped_birch_log":19,"minecraft:gray_carpet":10,"minecraft:polished_andesite":347,"minecraft:jungle_fence":4,"minecraft:mangrove_planks":611,"minecraft:mud_brick_slab":88,"minecraft:andesite_slab":24,"minecraft:polished_diorite_slab":22,"minecraft:waxed_oxidized_cut_copper":38,"minecraft:smooth_sandstone_slab":12,"minecraft:mossy_stone_brick_stairs":3,"minecraft:sandstone":215,"minecraft:glow_ink_sac":2,"minecraft:spruce_fence_gate":9,"minecraft:deepslate_bricks":97,"minecraft:bamboo_stairs":93,"minecraft:smooth_quartz_stairs":8,"minecraft:glow_item_frame":20,"minecraft:bamboo_mosaic_stairs":111,"minecraft:white_wool":51,"minecraft:pink_concrete":19,"minecraft:dark_oak_trapdoor":37,"minecraft:polished_deepslate_slab":179,"minecraft:mossy_cobblestone":1,"minecraft:lime_terracotta":10,"minecraft:rail":42,"minecraft:mangrove_trapdoor":77,"minecraft:yellow_terracotta":172,"minecraft:light_blue_concrete":20,"minecraft:loom":1,"minecraft:crimson_trapdoor":93,"minecraft:yellow_concrete":109,"minecraft:dark_oak_fence_gate":71,"minecraft:stone_brick_wall":71,"minecraft:stripped_cherry_wood":18,"minecraft:mangrove_sign":2,"minecraft:black_concrete_powder":21,"minecraft:warped_planks":18,"minecraft:bamboo_button":1,"minecraft:mushroom_stem":9,"minecraft:deepslate_brick_stairs":16,"minecraft:crimson_fence_gate":34,"minecraft:lightning_rod":6,"minecraft:deepslate_tile_wall":8,"minecraft:netherite_block":407,"minecraft:lever":42,"minecraft:green_concrete":20,"minecraft:cornflower":8,"minecraft:black_concrete":301,"minecraft:warped_trapdoor":227,"minecraft:birch_fence_gate":20,"minecraft:daylight_detector":66,"minecraft:birch_slab":8,"minecraft:stripped_jungle_log":47,"minecraft:stripped_bamboo_block":30,"minecraft:gray_stained_glass_pane":12,"minecraft:command_block":4,"minecraft:light_gray_concrete":47,"minecraft:string":4,"minecraft:stone_button":47,"minecraft:cyan_carpet":15,"minecraft:lectern":10,"minecraft:cyan_concrete":23,"minecraft:red_terracotta":101,"minecraft:polished_granite":507,"minecraft:spruce_trapdoor":94,"minecraft:iron_door":14,"minecraft:bamboo_slab":140,"minecraft:polished_andesite_slab":1157,"minecraft:yellow_wool":14,"minecraft:granite_slab":6,"minecraft:chiseled_stone_bricks":3,"minecraft:light_blue_concrete_powder":8,"minecraft:cherry_stairs":4,"minecraft:mud_brick_wall":39,"minecraft:grindstone":2,"minecraft:dark_oak_fence":16,"minecraft:andesite":17,"minecraft:red_banner":14,"minecraft:bucket":2,"minecraft:chain":78,"minecraft:smooth_stone_slab":14,"minecraft:ice":32,"minecraft:white_concrete":364,"minecraft:coarse_dirt":57,"minecraft:gray_wool":283,"minecraft:smooth_stone":17,"minecraft:bone_meal":7,"minecraft:diorite_slab":15,"minecraft:birch_stairs":16,"minecraft:gray_stained_glass":47}},"DataVersion":3700}